ADM_SECT_C,SGG_NM,DISTRICT_ID,DISTRICT_NM,MERGE_TYPE
51780,강원특별자치도 철원군,D_GANGWON_01,강원특별자치도 철원군·화천군·춘천시·양구군,4개 통합
51790,강원특별자치도 화천군,D_GANGWON_01,강원특별자치도 철원군·화천군·춘천시·양구군,4개 통합
51110,강원특별자치도 춘천시,D_GANGWON_01,강원특별자치도 철원군·화천군·춘천시·양구군,4개 통합
51800,강원특별자치도 양구군,D_GANGWON_01,강원특별자치도 철원군·화천군·춘천시·양구군,4개 통합
51820,강원특별자치도 고성군,D_GANGWON_02,강원특별자치도 고성군·속초시,2개 통합
51210,강원특별자치도 속초시,D_GANGWON_02,강원특별자치도 고성군·속초시,2개 통합
51230,강원특별자치도 삼척시,D_GANGWON_03,강원특별자치도 삼척시·태백시,2개 통합
51190,강원특별자치도 태백시,D_GANGWON_03,강원특별자치도 삼척시·태백시,2개 통합
51170,강원특별자치도 동해시,D_GANGWON_04,강원특별자치도 동해시·강릉시,2개 통합
51150,강원특별자치도 강릉시,D_GANGWON_04,강원특별자치도 동해시·강릉시,2개 통합
51830,강원특별자치도 양양군,D_GANGWON_05,강원특별자치도 양양군·인제군,2개 통합
51810,강원특별자치도 인제군,D_GANGWON_05,강원특별자치도 양양군·인제군,2개 통합
51770,강원특별자치도 정선군,D_GANGWON_06,강원특별자치도 정선군·평창군,2개 통합
51760,강원특별자치도 평창군,D_GANGWON_06,강원특별자치도 정선군·평창군,2개 통합
51750,강원특별자치도 영월군,D_GANGWON_07,강원특별자치도 영월군·원주시,2개 통합
51130,강원특별자치도 원주시,D_GANGWON_07,강원특별자치도 영월군·원주시,2개 통합
51720,강원특별자치도 홍천군,D_GANGWON_08,강원특별자치도 홍천군·횡성군,2개 통합
51730,강원특별자치도 횡성군,D_GANGWON_08,강원특별자치도 홍천군·횡성군,2개 통합
41800,경기도 연천군,D_GYEONGGI_09,경기도 연천군·동두천시,2개 통합
41250,경기도 동두천시,D_GYEONGGI_09,경기도 연천군·동두천시,2개 통합
41650,경기도 포천시,D_GYEONGGI_10,경기도 포천시·가평군,2개 통합
41820,경기도 가평군,D_GYEONGGI_10,경기도 포천시·가평군,2개 통합
41830,경기도 양평군,D_GYEONGGI_11,경기도 양평군·여주시,2개 통합
41670,경기도 여주시,D_GYEONGGI_11,경기도 양평군·여주시,2개 통합
41500,경기도 이천시,D_GYEONGGI_12,경기도 이천시·처인구,2개 통합
41461,경기도 용인시 처인구,D_GYEONGGI_12,경기도 이천시·처인구,2개 통합
41550,경기도 안성시,D_GYEONGGI_13,경기도 안성시·평택시,2개 통합
41220,경기도 평택시,D_GYEONGGI_13,경기도 안성시·평택시,2개 통합
41480,경기도 파주시,D_GYEONGGI_14,경기도 파주시·일산동구,2개 통합
41285,경기도 고양시 일산동구,D_GYEONGGI_14,경기도 파주시·일산동구,2개 통합
41273,경기도 안산시 단원구,D_GYEONGGI_15,경기도 단원구·화성시,2개 통합
41590,경기도 화성시,D_GYEONGGI_15,경기도 단원구·화성시,2개 통합
41570,경기도 김포시,D_GYEONGGI_16,경기도 김포시·일산서구,2개 통합
41287,경기도 고양시 일산서구,D_GYEONGGI_16,경기도 김포시·일산서구,2개 통합
41630,경기도 양주시,D_GYEONGGI_17,경기도 양주시·의정부시,2개 통합
41150,경기도 의정부시,D_GYEONGGI_17,경기도 양주시·의정부시,2개 통합
41360,경기도 남양주시,D_GYEONGGI_18,경기도 남양주시·구리시,2개 통합
41310,경기도 구리시,D_GYEONGGI_18,경기도 남양주시·구리시,2개 통합
41281,경기도 고양시 덕양구,D_GYEONGGI_19,경기도 덕양구·오정구,2개 통합
41196,경기도 부천시 오정구,D_GYEONGGI_19,경기도 덕양구·오정구,2개 통합
41610,경기도 광주시,D_GYEONGGI_20,경기도 광주시·중원구,2개 통합
41133,경기도 성남시 중원구,D_GYEONGGI_20,경기도 광주시·중원구,2개 통합
41450,경기도 하남시,D_GYEONGGI_21,경기도 하남시·수정구,2개 통합
41131,경기도 성남시 수정구,D_GYEONGGI_21,경기도 하남시·수정구,2개 통합
41192,경기도 부천시 원미구,D_GYEONGGI_22,경기도 원미구·소사구,2개 통합
41194,경기도 부천시 소사구,D_GYEONGGI_22,경기도 원미구·소사구,2개 통합
41390,경기도 시흥시,D_GYEONGGI_23,경기도 시흥시·광명시,2개 통합
41210,경기도 광명시,D_GYEONGGI_23,경기도 시흥시·광명시,2개 통합
41370,경기도 오산시,D_GYEONGGI_24,경기도 오산시·영통구,2개 통합
41117,경기도 수원시 영통구,D_GYEONGGI_24,경기도 오산시·영통구,2개 통합
41463,경기도 용인시 기흥구,D_GYEONGGI_25,경기도 기흥구·수지구,2개 통합
41465,경기도 용인시 수지구,D_GYEONGGI_25,경기도 기흥구·수지구,2개 통합
41135,경기도 성남시 분당구,D_GYEONGGI_26,경기도 분당구·과천시,2개 통합
41290,경기도 과천시,D_GYEONGGI_26,경기도 분당구·과천시,2개 통합
41171,경기도 안양시 만안구,D_GYEONGGI_27,경기도 만안구·동안구,2개 통합
41173,경기도 안양시 동안구,D_GYEONGGI_27,경기도 만안구·동안구,2개 통합
41271,경기도 안산시 상록구,D_GYEONGGI_28,경기도 상록구·군포시,2개 통합
41410,경기도 군포시,D_GYEONGGI_28,경기도 상록구·군포시,2개 통합
41430,경기도 의왕시,D_GYEONGGI_29,경기도 의왕시·장안구,2개 통합
41111,경기도 수원시 장안구,D_GYEONGGI_29,경기도 의왕시·장안구,2개 통합
41113,경기도 수원시 권선구,D_GYEONGGI_30,경기도 권선구·팔달구,2개 통합
41115,경기도 수원시 팔달구,D_GYEONGGI_30,경기도 권선구·팔달구,2개 통합
48330,경상남도 양산시,D_GYEONGNAM_31,경상남도 양산시·밀양시·김해시,3개 통합
48270,경상남도 밀양시,D_GYEONGNAM_31,경상남도 양산시·밀양시·김해시,3개 통합
48250,경상남도 김해시,D_GYEONGNAM_31,경상남도 양산시·밀양시·김해시,3개 통합
48870,경상남도 함양군,D_GYEONGNAM_32,경상남도 함양군·거창군,2개 통합
48880,경상남도 거창군,D_GYEONGNAM_32,경상남도 함양군·거창군,2개 통합
48850,경상남도 하동군,D_GYEONGNAM_33,경상남도 하동군·사천시,2개 통합
48240,경상남도 사천시,D_GYEONGNAM_33,경상남도 하동군·사천시,2개 통합
48840,경상남도 남해군,D_GYEONGNAM_34,경상남도 남해군·고성군,2개 통합
48820,경상남도 고성군,D_GYEONGNAM_34,경상남도 남해군·고성군,2개 통합
48860,경상남도 산청군,D_GYEONGNAM_35,경상남도 산청군·합천군,2개 통합
48890,경상남도 합천군,D_GYEONGNAM_35,경상남도 산청군·합천군,2개 통합
48220,경상남도 통영시,D_GYEONGNAM_36,경상남도 통영시·거제시,2개 통합
48310,경상남도 거제시,D_GYEONGNAM_36,경상남도 통영시·거제시,2개 통합
48170,경상남도 진주시,D_GYEONGNAM_37,경상남도 진주시·의령군,2개 통합
48720,경상남도 의령군,D_GYEONGNAM_37,경상남도 진주시·의령군,2개 통합
48740,경상남도 창녕군,D_GYEONGNAM_38,경상남도 창녕군·함안군,2개 통합
48730,경상남도 함안군,D_GYEONGNAM_38,경상남도 창녕군·함안군,2개 통합
48125,경상남도 창원시 마산합포구,D_GYEONGNAM_39,경상남도 마산합포구·마산회원구·성산구,3개 통합
48127,경상남도 창원시 마산회원구,D_GYEONGNAM_39,경상남도 마산합포구·마산회원구·성산구,3개 통합
48123,경상남도 창원시 성산구,D_GYEONGNAM_39,경상남도 마산합포구·마산회원구·성산구,3개 통합
48121,경상남도 창원시 의창구,D_GYEONGNAM_40,경상남도 의창구·진해구,2개 통합
48129,경상남도 창원시 진해구,D_GYEONGNAM_40,경상남도 의창구·진해구,2개 통합
47940,경상북도 울릉군,D_GYEONGBUK_41,경상북도 울릉군·울진군·영덕군·영양군,4개 통합
47930,경상북도 울진군,D_GYEONGBUK_41,경상북도 울릉군·울진군·영덕군·영양군,4개 통합
47770,경상북도 영덕군,D_GYEONGBUK_41,경상북도 울릉군·울진군·영덕군·영양군,4개 통합
47760,경상북도 영양군,D_GYEONGBUK_41,경상북도 울릉군·울진군·영덕군·영양군,4개 통합
47111,경상북도 포항시 남구,D_GYEONGBUK_42,경상북도 남구·경주시,2개 통합
47130,경상북도 경주시,D_GYEONGBUK_42,경상북도 남구·경주시,2개 통합
47920,경상북도 봉화군,D_GYEONGBUK_43,경상북도 봉화군·영주시,2개 통합
47210,경상북도 영주시,D_GYEONGBUK_43,경상북도 봉화군·영주시,2개 통합
47113,경상북도 포항시 북구,D_GYEONGBUK_44,경상북도 북구·청송군,2개 통합
47750,경상북도 청송군,D_GYEONGBUK_44,경상북도 북구·청송군,2개 통합
47820,경상북도 청도군,D_GYEONGBUK_45,경상북도 청도군·경산시,2개 통합
47290,경상북도 경산시,D_GYEONGBUK_45,경상북도 청도군·경산시,2개 통합
47230,경상북도 영천시,D_GYEONGBUK_46,경상북도 영천시·칠곡군,2개 통합
47850,경상북도 칠곡군,D_GYEONGBUK_46,경상북도 영천시·칠곡군,2개 통합
47830,경상북도 고령군,D_GYEONGBUK_47,경상북도 고령군·성주군,2개 통합
47840,경상북도 성주군,D_GYEONGBUK_47,경상북도 고령군·성주군,2개 통합
47170,경상북도 안동시,D_GYEONGBUK_48,경상북도 안동시·의성군,2개 통합
47730,경상북도 의성군,D_GYEONGBUK_48,경상북도 안동시·의성군,2개 통합
47150,경상북도 김천시,D_GYEONGBUK_49,경상북도 김천시·구미시·상주시,3개 통합
47190,경상북도 구미시,D_GYEONGBUK_49,경상북도 김천시·구미시·상주시,3개 통합
47250,경상북도 상주시,D_GYEONGBUK_49,경상북도 김천시·구미시·상주시,3개 통합
47280,경상북도 문경시,D_GYEONGBUK_50,경상북도 문경시·예천군,2개 통합
47900,경상북도 예천군,D_GYEONGBUK_50,경상북도 문경시·예천군,2개 통합
29200,광주광역시 광산구,D_GWANGJU_51,광주광역시 광산구·서구·남구,3개 통합
29140,광주광역시 서구,D_GWANGJU_51,광주광역시 광산구·서구·남구,3개 통합
29155,광주광역시 남구,D_GWANGJU_51,광주광역시 광산구·서구·남구,3개 통합
29110,광주광역시 동구,D_GWANGJU_52,광주광역시 동구·북구,2개 통합
29170,광주광역시 북구,D_GWANGJU_52,광주광역시 동구·북구,2개 통합
27720,대구광역시 군위군,D_DAEGU_53,대구광역시 군위군·동구·북구,3개 통합
27140,대구광역시 동구,D_DAEGU_53,대구광역시 군위군·동구·북구,3개 통합
27230,대구광역시 북구,D_DAEGU_53,대구광역시 군위군·동구·북구,3개 통합
27260,대구광역시 수성구,D_DAEGU_54,대구광역시 수성구·남구,2개 통합
27200,대구광역시 남구,D_DAEGU_54,대구광역시 수성구·남구,2개 통합
27710,대구광역시 달성군,D_DAEGU_55,대구광역시 달성군·달서구,2개 통합
27290,대구광역시 달서구,D_DAEGU_55,대구광역시 달성군·달서구,2개 통합
27170,대구광역시 서구,D_DAEGU_56,대구광역시 서구·중구,2개 통합
27110,대구광역시 중구,D_DAEGU_56,대구광역시 서구·중구,2개 통합
30200,대전광역시 유성구,D_DAEJEON_57,대전광역시 유성구·서구·대덕구,3개 통합
30170,대전광역시 서구,D_DAEJEON_57,대전광역시 유성구·서구·대덕구,3개 통합
30230,대전광역시 대덕구,D_DAEJEON_57,대전광역시 유성구·서구·대덕구,3개 통합
30110,대전광역시 동구,D_DAEJEON_58,대전광역시 동구·중구,2개 통합
30140,대전광역시 중구,D_DAEJEON_58,대전광역시 동구·중구,2개 통합
26440,부산광역시 강서구,D_BUSAN_59,부산광역시 강서구·사하구·서구·사상구,4개 통합
26380,부산광역시 사하구,D_BUSAN_59,부산광역시 강서구·사하구·서구·사상구,4개 통합
26140,부산광역시 서구,D_BUSAN_59,부산광역시 강서구·사하구·서구·사상구,4개 통합
26530,부산광역시 사상구,D_BUSAN_59,부산광역시 강서구·사하구·서구·사상구,4개 통합
26710,부산광역시 기장군,D_BUSAN_60,부산광역시 기장군·해운대구,2개 통합
26350,부산광역시 해운대구,D_BUSAN_60,부산광역시 기장군·해운대구,2개 통합
26410,부산광역시 금정구,D_BUSAN_61,부산광역시 금정구·동래구,2개 통합
26260,부산광역시 동래구,D_BUSAN_61,부산광역시 금정구·동래구,2개 통합
26320,부산광역시 북구,D_BUSAN_62,부산광역시 북구·부산진구,2개 통합
26230,부산광역시 부산진구,D_BUSAN_62,부산광역시 북구·부산진구,2개 통합
26200,부산광역시 영도구,D_BUSAN_63,부산광역시 영도구·중구,2개 통합
26110,부산광역시 중구,D_BUSAN_63,부산광역시 영도구·중구,2개 통합
26170,부산광역시 동구,D_BUSAN_64,부산광역시 동구·연제구,2개 통합
26470,부산광역시 연제구,D_BUSAN_64,부산광역시 동구·연제구,2개 통합
26500,부산광역시 수영구,D_BUSAN_65,부산광역시 수영구·남구,2개 통합
26290,부산광역시 남구,D_BUSAN_65,부산광역시 수영구·남구,2개 통합
11500,서울특별시 강서구,D_SEOUL_66,서울특별시 강서구·양천구·구로구,3개 통합
11470,서울특별시 양천구,D_SEOUL_66,서울특별시 강서구·양천구·구로구,3개 통합
11530,서울특별시 구로구,D_SEOUL_66,서울특별시 강서구·양천구·구로구,3개 통합
11740,서울특별시 강동구,D_SEOUL_67,서울특별시 강동구·송파구,2개 통합
11710,서울특별시 송파구,D_SEOUL_67,서울특별시 강동구·송파구,2개 통합
11545,서울특별시 금천구,D_SEOUL_68,서울특별시 금천구·관악구,2개 통합
11620,서울특별시 관악구,D_SEOUL_68,서울특별시 금천구·관악구,2개 통합
11560,서울특별시 영등포구,D_SEOUL_69,서울특별시 영등포구·마포구,2개 통합
11440,서울특별시 마포구,D_SEOUL_69,서울특별시 영등포구·마포구,2개 통합
11650,서울특별시 서초구,D_SEOUL_70,서울특별시 서초구·강남구,2개 통합
11680,서울특별시 강남구,D_SEOUL_70,서울특별시 서초구·강남구,2개 통합
11590,서울특별시 동작구,D_SEOUL_71,서울특별시 동작구·용산구,2개 통합
11170,서울특별시 용산구,D_SEOUL_71,서울특별시 동작구·용산구,2개 통합
11380,서울특별시 은평구,D_SEOUL_72,서울특별시 은평구·서대문구,2개 통합
11410,서울특별시 서대문구,D_SEOUL_72,서울특별시 은평구·서대문구,2개 통합
11215,서울특별시 광진구,D_SEOUL_73,서울특별시 광진구·중랑구,2개 통합
11260,서울특별시 중랑구,D_SEOUL_73,서울특별시 광진구·중랑구,2개 통합
11350,서울특별시 노원구,D_SEOUL_74,서울특별시 노원구·도봉구,2개 통합
11320,서울특별시 도봉구,D_SEOUL_74,서울특별시 노원구·도봉구,2개 통합
11305,서울특별시 강북구,D_SEOUL_75,서울특별시 강북구·성북구,2개 통합
11290,서울특별시 성북구,D_SEOUL_75,서울특별시 강북구·성북구,2개 통합
11230,서울특별시 동대문구,D_SEOUL_76,서울특별시 동대문구·성동구,2개 통합
11200,서울특별시 성동구,D_SEOUL_76,서울특별시 동대문구·성동구,2개 통합
11110,서울특별시 종로구,D_SEOUL_77,서울특별시 종로구·중구,2개 통합
11140,서울특별시 중구,D_SEOUL_77,서울특별시 종로구·중구,2개 통합
36110,세종특별자치시,D_SEJONG_78,세종특별자치시 세종특별자치시,단독 선거구
31710,울산광역시 울주군,D_ULSAN_79,울산광역시 울주군·남구·중구,3개 통합
31140,울산광역시 남구,D_ULSAN_79,울산광역시 울주군·남구·중구,3개 통합
31110,울산광역시 중구,D_ULSAN_79,울산광역시 울주군·남구·중구,3개 통합
31200,울산광역시 북구,D_ULSAN_80,울산광역시 북구·동구,2개 통합
31170,울산광역시 동구,D_ULSAN_80,울산광역시 북구·동구,2개 통합
28720,인천광역시 옹진군,D_INCHEON_81,인천광역시 옹진군·중구·강화군,3개 통합
28110,인천광역시 중구,D_INCHEON_81,인천광역시 옹진군·중구·강화군,3개 통합
28710,인천광역시 강화군,D_INCHEON_81,인천광역시 옹진군·중구·강화군,3개 통합
28245,인천광역시 계양구,D_INCHEON_82,인천광역시 계양구·부평구,2개 통합
28237,인천광역시 부평구,D_INCHEON_82,인천광역시 계양구·부평구,2개 통합
28260,인천광역시 서구,D_INCHEON_83,인천광역시 서구·동구·미추홀구,3개 통합
28140,인천광역시 동구,D_INCHEON_83,인천광역시 서구·동구·미추홀구,3개 통합
28177,인천광역시 미추홀구,D_INCHEON_83,인천광역시 서구·동구·미추홀구,3개 통합
28185,인천광역시 연수구,D_INCHEON_84,인천광역시 연수구·남동구,2개 통합
28200,인천광역시 남동구,D_INCHEON_84,인천광역시 연수구·남동구,2개 통합
46910,전라남도 신안군,D_JEONNAM_85,전라남도 신안군·목포시·진도군·무안군,4개 통합
46110,전라남도 목포시,D_JEONNAM_85,전라남도 신안군·목포시·진도군·무안군,4개 통합
46900,전라남도 진도군,D_JEONNAM_85,전라남도 신안군·목포시·진도군·무안군,4개 통합
46840,전라남도 무안군,D_JEONNAM_85,전라남도 신안군·목포시·진도군·무안군,4개 통합
46870,전라남도 영광군,D_JEONNAM_86,전라남도 영광군·함평군,2개 통합
46860,전라남도 함평군,D_JEONNAM_86,전라남도 영광군·함평군,2개 통합
46820,전라남도 해남군,D_JEONNAM_87,전라남도 해남군·강진군,2개 통합
46810,전라남도 강진군,D_JEONNAM_87,전라남도 해남군·강진군,2개 통합
46890,전라남도 완도군,D_JEONNAM_88,전라남도 완도군·장흥군,2개 통합
46800,전라남도 장흥군,D_JEONNAM_88,전라남도 완도군·장흥군,2개 통합
46130,전라남도 여수시,D_JEONNAM_89,전라남도 여수시·고흥군,2개 통합
46770,전라남도 고흥군,D_JEONNAM_89,전라남도 여수시·고흥군,2개 통합
46230,전라남도 광양시,D_JEONNAM_90,전라남도 광양시·순천시,2개 통합
46150,전라남도 순천시,D_JEONNAM_90,전라남도 광양시·순천시,2개 통합
46730,전라남도 구례군,D_JEONNAM_91,전라남도 구례군·곡성군,2개 통합
46720,전라남도 곡성군,D_JEONNAM_91,전라남도 구례군·곡성군,2개 통합
46780,전라남도 보성군,D_JEONNAM_92,전라남도 보성군·화순군,2개 통합
46790,전라남도 화순군,D_JEONNAM_92,전라남도 보성군·화순군,2개 통합
46830,전라남도 영암군,D_JEONNAM_93,전라남도 영암군·나주시,2개 통합
46170,전라남도 나주시,D_JEONNAM_93,전라남도 영암군·나주시,2개 통합
46880,전라남도 장성군,D_JEONNAM_94,전라남도 장성군·담양군,2개 통합
46710,전라남도 담양군,D_JEONNAM_94,전라남도 장성군·담양군,2개 통합
52130,전북특별자치도 군산시,D_JEONBUK_95,전북특별자치도 군산시·부안군·고창군,3개 통합
52800,전북특별자치도 부안군,D_JEONBUK_95,전북특별자치도 군산시·부안군·고창군,3개 통합
52790,전북특별자치도 고창군,D_JEONBUK_95,전북특별자치도 군산시·부안군·고창군,3개 통합
52730,전북특별자치도 무주군,D_JEONBUK_96,전북특별자치도 무주군·진안군,2개 통합
52720,전북특별자치도 진안군,D_JEONBUK_96,전북특별자치도 무주군·진안군,2개 통합
52740,전북특별자치도 장수군,D_JEONBUK_97,전북특별자치도 장수군·남원시,2개 통합
52190,전북특별자치도 남원시,D_JEONBUK_97,전북특별자치도 장수군·남원시,2개 통합
52770,전북특별자치도 순창군,D_JEONBUK_98,전북특별자치도 순창군·정읍시,2개 통합
52180,전북특별자치도 정읍시,D_JEONBUK_98,전북특별자치도 순창군·정읍시,2개 통합
52750,전북특별자치도 임실군,D_JEONBUK_99,전북특별자치도 임실군·완산구,2개 통합
52111,전북특별자치도 전주시 완산구,D_JEONBUK_99,전북특별자치도 임실군·완산구,2개 통합
52210,전북특별자치도 김제시,D_JEONBUK_100,전북특별자치도 김제시·덕진구,2개 통합
52113,전북특별자치도 전주시 덕진구,D_JEONBUK_100,전북특별자치도 김제시·덕진구,2개 통합
52140,전북특별자치도 익산시,D_JEONBUK_101,전북특별자치도 익산시·완주군,2개 통합
52710,전북특별자치도 완주군,D_JEONBUK_101,전북특별자치도 익산시·완주군,2개 통합
50110,제주특별자치도 제주시,D_JEJU_102,제주특별자치도 제주시·서귀포시,2개 통합
50130,제주특별자치도 서귀포시,D_JEJU_102,제주특별자치도 제주시·서귀포시,2개 통합
44710,충청남도 금산군,D_CHUNGNAM_103,충청남도 금산군·계룡시·논산시,3개 통합
44250,충청남도 계룡시,D_CHUNGNAM_103,충청남도 금산군·계룡시·논산시,3개 통합
44230,충청남도 논산시,D_CHUNGNAM_103,충청남도 금산군·계룡시·논산시,3개 통합
44825,충청남도 태안군,D_CHUNGNAM_104,충청남도 태안군·서산시,2개 통합
44210,충청남도 서산시,D_CHUNGNAM_104,충청남도 태안군·서산시,2개 통합
44180,충청남도 보령시,D_CHUNGNAM_105,충청남도 보령시·홍성군,2개 통합
44800,충청남도 홍성군,D_CHUNGNAM_105,충청남도 보령시·홍성군,2개 통합
44770,충청남도 서천군,D_CHUNGNAM_106,충청남도 서천군·부여군,2개 통합
44760,충청남도 부여군,D_CHUNGNAM_106,충청남도 서천군·부여군,2개 통합
44270,충청남도 당진시,D_CHUNGNAM_107,충청남도 당진시·예산군,2개 통합
44810,충청남도 예산군,D_CHUNGNAM_107,충청남도 당진시·예산군,2개 통합
44790,충청남도 청양군,D_CHUNGNAM_108,충청남도 청양군·공주시·아산시,3개 통합
44150,충청남도 공주시,D_CHUNGNAM_108,충청남도 청양군·공주시·아산시,3개 통합
44200,충청남도 아산시,D_CHUNGNAM_108,충청남도 청양군·공주시·아산시,3개 통합
44131,충청남도 천안시 동남구,D_CHUNGNAM_109,충청남도 동남구·서북구,2개 통합
44133,충청남도 천안시 서북구,D_CHUNGNAM_109,충청남도 동남구·서북구,2개 통합
43800,충청북도 단양군,D_CHUNGBUK_110,충청북도 단양군·제천시·충주시,3개 통합
43150,충청북도 제천시,D_CHUNGBUK_110,충청북도 단양군·제천시·충주시,3개 통합
43130,충청북도 충주시,D_CHUNGBUK_110,충청북도 단양군·제천시·충주시,3개 통합
43740,충청북도 영동군,D_CHUNGBUK_111,충청북도 영동군·옥천군,2개 통합
43730,충청북도 옥천군,D_CHUNGBUK_111,충청북도 영동군·옥천군,2개 통합
43720,충청북도 보은군,D_CHUNGBUK_112,충청북도 보은군·상당구,2개 통합
43111,충청북도 청주시 상당구,D_CHUNGBUK_112,충청북도 보은군·상당구,2개 통합
43760,충청북도 괴산군,D_CHUNGBUK_113,충청북도 괴산군·증평군,2개 통합
43745,충청북도 증평군,D_CHUNGBUK_113,충청북도 괴산군·증평군,2개 통합
43770,충청북도 음성군,D_CHUNGBUK_114,충청북도 음성군·진천군·청원구,3개 통합
43750,충청북도 진천군,D_CHUNGBUK_114,충청북도 음성군·진천군·청원구,3개 통합
43114,충청북도 청주시 청원구,D_CHUNGBUK_114,충청북도 음성군·진천군·청원구,3개 통합
43113,충청북도 청주시 흥덕구,D_CHUNGBUK_115,충청북도 흥덕구·서원구,2개 통합
43112,충청북도 청주시 서원구,D_CHUNGBUK_115,충청북도 흥덕구·서원구,2개 통합